#cb_types.txt;;;;;;;;;;;;;;
dismantle_cb;국가 해체;Dismantle Nation;Grande Guerre;Gesamtkrieg;;;;;;;;;;;
dismantle_cb_short;$RECIPIENT$에게 제국 해체 요구;Force $RECIPIENT$ to dismantle their empire;Réduire $RECIPIENT$;Reduzieren Sie die Größe von $RECIPIENT$;;;;;;;;;;;
dismantle_cb_desc;적 [SUB_A7]Y강대국[SUB_A7]W에게 제국 해체와 배상금 지불을 요구합니다.;Force an enemy [SUB_A7]Ygreat power[SUB_A7]W to dismantle their empire and pay reparations;Obliger un autre [SUB_A7]Ypays[SUB_A7]W à se désarmer et à nous verser des compensations;Zwischen Sie ein anderes [SUB_A7]YLand[SUB_A7]W zur Abrüstung und zu Reparationszahlungen an uns.;;;;;;;;;;;
dismantle_cb_setup;$RECIPIENT$에게 제국 해체를 요구합니다.;Force $RECIPIENT$ to dismantle their empire;Réduire $RECIPIENT$;Reduzieren Sie die Größe von $RECIPIENT$;;;;;;;;;;;
dismantle_cb_add;국가 해체;Dismantle Nation;Grande Guerre;Größer Krieg;;;;;;;;;;;
dismantle_cb_add_short;$RECIPIENT$에게 제국 해체 요구;Force $RECIPIENT$ to dismantle their empire;Réduire $RECIPIENT$;Reduzieren Sie die Größe von $RECIPIENT$;;;;;;;;;;;
dismantle_cb_add_desc;적 [SUB_A7]Y강대국[SUB_A7]W에게 제국 해체와 배상금 지불을 요구합니다.;Force an enemy [SUB_A7]Ygreat power[SUB_A7]W to dismantle their empire and pay reparations;Obliger un autre [SUB_A7]Ypays[SUB_A7]W à se désarmer et à nous verser des compensations;Zwischen Sie ein anderes [SUB_A7]YLand[SUB_A7]W zur Abrüstung und zu Reparationszahlungen an uns.;;;;;;;;;;;
dismantle_cb_add_setup;$RECIPIENT$에게 제국 해체를 요구합니다.;Force $RECIPIENT$ to dismantle their empire;Réduire $RECIPIENT$;Reduzieren Sie die Größe von $RECIPIENT$;;;;;;;;;;;
dismantle_cb_add_new;국가 해체;Dismantle Nation;Grande Guerre;Größer Krieg;;;;;;;;;;;
dismantle_cb_add_new_short;$RECIPIENT$에게 제국 해체 요구;Force $RECIPIENT$ to dismantle their empire;Réduire $RECIPIENT$;Reduzieren Sie die Größe von $RECIPIENT$;;;;;;;;;;;
dismantle_cb_add_new_desc;적 [SUB_A7]Y강대국[SUB_A7]W에게 제국 해체와 배상금 지불을 요구합니다.;Force an enemy [SUB_A7]Ygreat power[SUB_A7]W to dismantle their empire and pay reparations;Obliger un autre [SUB_A7]Ypays[SUB_A7]W à se désarmer et à nous verser des compensations;Zwischen Sie ein anderes [SUB_A7]YLand[SUB_A7]W zur Abrüstung und zu Reparationszahlungen an uns.;;;;;;;;;;;
dismantle_cb_add_new_setup;$RECIPIENT$에게 제국 해체를 요구합니다.;Force $RECIPIENT$ to dismantle their empire;Réduire $RECIPIENT$;Reduzieren Sie die Größe von $RECIPIENT$;;;;;;;;;;;
acquire_core_state;영유권 수복;Acquire core;Prendre territoire clé;Kernprovinz erwerben;;;;;;;;;;;
acquire_core_state_short;$STATE$ 수복;Acquire $STATE$;Prendre $STATE$;$STATE$ erwerben;;;;;;;;;;;
acquire_core_state_desc;우리나라의 [SUB_A7]Y영유권 보유 지역[SUB_A7]W이 속한 [SUB_A7]Y주[SUB_A7]W를 획득합니다.;Aquire an enemy [SUB_A7]Ystate[SUB_A7]W where we have [SUB_A7]Ycore provinces[SUB_A7]W;Prendre un [SUB_A7]YÉtat[SUB_A7]W ennemi où nous avons des [SUB_A7]Yprovinces principales[SUB_A7]W;Erobern Sie einen feindlichen [SUB_A7]YStaat[SUB_A7]W, in dem wir [SUB_A7]YKernprovinzen[SUB_A7]W haben.;;;;;;;;;;;
acquire_core_state_setup;$RECIPIENT$에게서 $STATE$을(를) 획득합니다.;Acquire core $STATE$ from $RECIPIENT$;Prendre État clé $STATE$ de $RECIPIENT$;Kern-$STATE$ von $RECIPIENT$ erwerben;;;;;;;;;;;
acquire_all_cores;전체 영유권 수복;Acquire All Cores;;;;;;;;;;;;;
acquire_all_cores_short;$RECIPIENT$이 점유한 전체 영유권 수복;Acquire all cores from $RECIPIENT$;;;;;;;;;;;;;
acquire_all_cores_desc;우리나라의 [SUB_A7]Y영유권 보유 지역[SUB_A7]W이 속한 [SUB_A7]Y주[SUB_A7]W들을 획득합니다.;Aquire all enemy [SUB_A7]Ystates[SUB_A7]W where we have [SUB_A7]Ycore provinces[SUB_A7]W;;;;;;;;;;;;;
acquire_all_cores_setup;$RECIPIENT$에게서 전체 영유권 보유 지역을 획득합니다.;Acquire all core provinces from $RECIPIENT$;;;;;;;;;;;;;
unification_casus_belli;통일전쟁;War of Unification;Guerre d'unification;Vereinigungskrieg;;;;;;;;;;;
unification_casus_belli_short;$STATE$ 해방;Liberate $STATE$ ;Libérer $STATE$ ;Befreien Sie $STATE$;;;;;;;;;;;
unification_casus_belli_desc;우리나라의 [SUB_A7]Y문화연합[SUB_A7]W의 영유권이 미치는 지역을 해방합니다.;;Liberate core territory of our [SUB_A7]YCultural Union[SUB_A7]W;Libérer un territoire clé de notre [SUB_A7]Yunion culturelle[SUB_A7]W;Befreien Sie das Kerngebiet unserer [SUB_A7]YKulturunion[SUB_A7]W;;;;;;;;;;;
unification_casus_belli_setup;우리나라의 [SUB_A7]Y문화연합[SUB_A7]W의 영유권이 미치는 지역을 해방합니다.;Liberate core territory of our [SUB_A7]YCultural Union[SUB_A7]W.;Libérez un territoire clé de notre [SUB_A7]Yunion culturelle[SUB_A7]W.;Befreien Sie das Kerngebiet unserer [SUB_A7]YKulturunion[SUB_A7]W;;;;;;;;;;;
civil_war;내전;Civil War;Guerre civile;Bürgerkrieg;;;;;;;;;;;
civil_war_short;국가 통일;Unite the nation;Unifier la nation;Einen Sie die Nation!;;;;;;;;;;;
civil_war_desc;우리나라는 내전 상황입니다.;Your nation is in a state of civil war;Votre nation est en guerre civile;Ihre Nation befindet sich in einem Bürgerkrieg.;;;;;;;;;;;
civil_war_setup;국가를 한 깃발 아래 다시 통합함으로써 전쟁을 끝냅니다.;End the war by reuniting our nation under a common banner again.;Mettez fin à la guerre en réunifiant notre nation sous une même bannière.;Beenden Sie den Krieg durch die Wiedervereinigung unserer Nation unter einer gemeinsamen Flagge.;;;;;;;;;;;
unification_annex_casus_belli;통일전쟁;War of Unification;Guerre d'unification;Vereinigungskrieg;;;;;;;;;;;
unification_annex_casus_belli_short;합병;Annexation;Annexion;Annektierung;;;;;;;;;;;
unification_annex_casus_belli_desc;우리나라의 [SUB_A7]Y문화연합[SUB_A7]W의 영유권이 미치는 지역을 해방합니다.;Liberate core territory of our [SUB_A7]YCultural Union[SUB_A7]W.;Libérez un territoire clé de notre [SUB_A7]Yunion culturelle[SUB_A7]W.;Befreien Sie das Kerngebiet unserer [SUB_A7]YKulturunion[SUB_A7]W;;;;;;;;;;;
unification_annex_casus_belli_setup;우리나라의 [SUB_A7]Y문화연합[SUB_A7]W의 영유권이 미치는 지역을 해방합니다.;Liberate core territory of our [SUB_A7]YCultural Union[SUB_A7]W.;Libérez un territoire clé de notre [SUB_A7]Yunion culturelle[SUB_A7]W.;Befreien Sie das Kerngebiet unserer [SUB_A7]YKulturunion[SUB_A7]W;;;;;;;;;;;
annex_core_country;질서 회복;Restore Order;Rétablir l'ordre;Stellen Sie die Ordnung wieder her;;;;;;;;;;;
annex_core_country_short;$RECIPIENT$ 합병;Annex $RECIPIENT$;Annexer $RECIPIENT$;Annektieren Sie $RECIPIENT$;;;;;;;;;;;
annex_core_country_desc;영토 전체가 우리나라의 영유권에 속하는 [SUB_A7]Y국가[SUB_A7]W를 합병합니다.;Annex a foreign [SUB_A7]Ycountry[SUB_A7]W all provinces of which are your cores.;Annexez un [SUB_A7]Ypays[SUB_A7]W étranger dont toutes les provinces sont vos territoires clés.;Annektieren Sie alle Provinzen eines ausländischen [SUB_A7]YLandes[SUB_A7]W, die zu Ihren Kernprovinzen gehören.;;;;;;;;;;;
annex_core_country_setup;$RECIPIENT$을(를) 합병합니다.;Annex $RECIPIENT$;Annexer $RECIPIENT$;Annektieren Sie $RECIPIENT$;;;;;;;;;;;
add_to_sphere;영향권 편입;Add to Sphere;ajouter à la sphère;In Einflusssphäre aufnehmen;;;;;;;;;;;
add_to_sphere_short;$RECIPIENT$ 영향권 편입;Add $RECIPIENT$ to Sphere of Influence;ajouter $RECIPIENT$ à la sphère d'influence;$RECIPIENT$ in Einflusssphäre aufnehmen;;;;;;;;;;;
add_to_sphere_desc;국가를 우리나라의 [SUB_A7]Y영향권[SUB_A7]W에 편입합니다.;Add country to our [SUB_A7]YSphere of Influence[SUB_A7]W;Ajouter un pays à notre [SUB_A7]Ysphère d'influence[SUB_A7]W;Fügen Sie das Land Ihrer [SUB_A7]YEinflusssphäre[SUB_A7]W hinzu.;;;;;;;;;;;
add_to_sphere_setup;$RECIPIENT$을(를) 영향권에 편입합니다.;Add $RECIPIENT$ to Sphere of Influence;ajouter $RECIPIENT$ à la sphère d'influence;$RECIPIENT$ in Einflusssphäre aufnehmen;;;;;;;;;;;
unification_humiliate_cb;패권 주장;Assert Hegemony;Imposer l'hégémonie;Vorherrschaft durchsetzen;;;;;;;;;;;
unification_humiliate_cb_short;패권 인용;Admit Hegemony;Admettre l'hégémonie;Vorherrschaft anerkennen;;;;;;;;;;;
unification_humiliate_cb_desc;문화연합이 같은 강대국에게 주도권 이양을 요구합니다.;Force another Great Power to concede your leadership over your common cultural union. All his influence over countries in the area will be lost.;Force une autre Grande Puissance à vous concéder la primauté dans votre union culturelle commune. Toute son influence sur les pays de la zone sera perdue.;Zwingen Sie eine andere Großmacht, Ihre Führung Ihrer gemeinsamen Kulturunion zu akzeptieren. Der Einfluss der anderen Macht über Länder in dieser Region geht dadurch verloren.;;;;;;;;;;;
unification_humiliate_cb_setup;문화연합이 같은 강대국에게 주도권 이양을 요구합니다.;Force another Great Power to concede your leadership over your common cultural union.;Force une autre Grande Puissance à vous concéder la primauté dans votre union culturelle commune.;Zwingen Sie eine andere Großmacht, Ihre Führung Ihrer gemeinsamen Kulturunion zu akzeptieren.;;;;;;;;;;;
unification_GP_humiliate;통일 - 모욕;Unification Humiliate;Humilier;Erniedrigen;;Humillar;;;;;;;;;
unification_GP_humiliate_short;$RECIPIENT$ 모욕;Humiliate $RECIPIENT$;Humilier $RECIPIENT$;$RECIPIENT$ erniedrigen;;Humillar a $RECIPIENT$;;;;;;;;;
unification_GP_humiliate_desc;[SUB_A7]Y문화권이 같은 강대국[SUB_A7]W에게 모욕을 줌으로써 군사력을 과시하고, 우리나라의 [SUB_A7]Y위신[SUB_A7]W을 높임과 동시에 그들의 위신을 낮춥니다.;Show our military might by humiliating an enemy [SUB_A7]Ygreater power of our culture group[SUB_A7]W, thus increasing our [SUB_A7]Yprestige[SUB_A7]W while lowering theirs;Afficher notre puissance militaire en humiliant un [SUB_A7]Ypays[SUB_A7]W ennemi et en augmentant notre [SUB_A7]Yprestige[SUB_A7]W tout en réduisant le leur;Zeigen Sie unsere Militärmacht durch Erniedrigung eines feindlichen [SUB_A7]YLandes[SUB_A7]W, wodurch Sie unser [SUB_A7]YPrestige[SUB_A7]W steigern und ihres verringern.;;Demostrar nuestro poder militar humillando a un [SUB_A7]Ypaís[SUB_A7]W enemigo, para aumentar nuestro [SUB_A7]Yprestigio[SUB_A7]W y reducir el suyo;;;;;;;;;
unification_GP_humiliate_setup;$RECIPIENT$을(를) 모욕합니다.;Humiliate $RECIPIENT$;Humilier $RECIPIENT$;$RECIPIENT$ erniedrigen;;Humillar a $RECIPIENT$;;;;;;;;;
unification_add_to_sphere;통일 - 영향권 편입; Unification Add to Sphere;ajouter à la sphère;In Einflusssphäre aufnehmen;;;;;;;;;;;
unification_add_to_sphere_short;$RECIPIENT$ 영향권 편입;Add $RECIPIENT$ to Sphere of Influence;ajouter $RECIPIENT$ à la sphère d'influence;$RECIPIENT$ in Einflusssphäre aufnehmen;;;;;;;;;;;
unification_add_to_sphere_desc;[SUB_A7]Y문화권이 같은 국가[SUB_A7]W를 우리나라의 [SUB_A7]Y영향권[SUB_A7]W에 편입합니다.;Add country [SUB_A7]Yof our culture group[SUB_A7]W to our [SUB_A7]YSphere of Influence[SUB_A7]W;Ajouter un pays à notre [SUB_A7]Ysphère d'influence[SUB_A7]W;Fügen Sie das Land Ihrer [SUB_A7]YEinflusssphäre[SUB_A7]W hinzu.;;;;;;;;;;;
unification_add_to_sphere_setup;$RECIPIENT$을(를) 영향권에 편입합니다.;Add $RECIPIENT$ to Sphere of Influence;ajouter $RECIPIENT$ à la sphère d'influence;$RECIPIENT$ in Einflusssphäre aufnehmen;;;;;;;;;;;
take_from_sphere;영향권 강탈;Take from sphere of influence;Prendre à la sphère d'influence;Aus Einflusssphäre entfernen;;;;;;;;;;;
take_from_sphere_short;$THIRD$ 평향권 편입;Take $THIRD$ from sphere of influence;Prendre $THIRD$ à la sphère d'influence;$THIRD$ aus Einflusssphäre entfernen;;;;;;;;;;;
take_from_sphere_desc;타국의 [SUB_A7]Y영향권[SUB_A7]W에 속하는 국가를 영향권에 편입합니다.;Remove a country from someone's [SUB_A7]YSphere of Influence[SUB_A7]W and add it to our own;Supprimer un pays de la [SUB_A7]Ysphère d'influence[SUB_A7]W de quelqu'un et l'ajouter à la nôtre;Entfernen Sie ein Land aus einer anderen [SUB_A7]YEinflusssphäre[SUB_A7]W und fügen Sie es Ihrer eigenen hinzu.;;;;;;;;;;;
take_from_sphere_setup;$RECIPIENT$의 영향권에 속하는 $THIRD$을(를) 영량권에 편입합니다.;Take $THIRD$ from $RECIPIENT$'s sphere of influence;Prendre $THIRD$ à la sphère d'influence de $RECIPIENT$;$THIRD$ aus Einflusssphäre von $RECIPIENT$ entfernen;;;;;;;;;;;
free_peoples;인민 해방;Free people;Peuple libre;Freies Volk;;;;;;;;;;;
free_peoples_short;$THIRD$ $STATE$ 수복;$THIRD$ acquires $STATE$;$THIRD$ prend $STATE$;$THIRD$ erwirbt $STATE$;;;;;;;;;;;
free_peoples_desc;압제자에게서 [SUB_A7]Y국가[SUB_A7]W를 해방합니다.;Liberate a [SUB_A7]Ycountry[SUB_A7]W from its oppressors;Libérer un [SUB_A7]Ypays[SUB_A7]W de ses oppresseurs;Befreien Sie ein [SUB_A7]YLand[SUB_A7]W von seinen Unterdrückern.;;;;;;;;;;;
free_peoples_setup;$RECIPIENT$이(가) 점유한 $STATE$을(를) $THIRD$이(가) 수복합니다.;Hand $STATE$ back to $THIRD$ from $RECIPIENT$;Prendre $STATE$ à $RECIPIENT$ pour le rendre à $THIRD$;Geben Sie $STATE$ an $THIRD$ von $RECIPIENT$ zurück;;;;;;;;;;;
free_allied_cores;동맹국 영유권 수복;Free Allied Cores;Peuple libre;Freies Volk;;;;;;;;;;;
free_allied_cores_short;$THIRD$ $STATE$ 수복;$THIRD$ acquires $STATE$;$THIRD$ prend $STATE$;$THIRD$ erwirbt $STATE$;;;;;;;;;;;
free_allied_cores_desc;우리나라의 영향권에 속하는 [SUB_A7]Y동맹국[SUB_A7]W의 영유권 보유 지역을 해방합니다.;Liberate cores belonging to an [SUB_A7]Yallied country[SUB_A7]W in your sphere;Libérer un [SUB_A7]Ypays[SUB_A7]W de ses oppresseurs;Befreien Sie ein [SUB_A7]YLand[SUB_A7]W von seinen Unterdrückern.;;;;;;;;;;;
free_allied_cores_setup;$RECIPIENT$이(가) 점유한 $STATE$을(를) $THIRD$이(가) 수복합니다.;Hand $STATE$ back to $THIRD$ from $RECIPIENT$;Prendre $STATE$ à $RECIPIENT$ pour le rendre à $THIRD$;Geben Sie $STATE$ an $THIRD$ von $RECIPIENT$ zurück;;;;;;;;;;;
release_puppet;괴뢰국 해방;Release Puppet;Libérer un État fantoche;Marionettenstaat entlassen;;;;;;;;;;;
release_puppet_short;$THIRD$ 해방;$THIRD$ is released;$THIRD$ est libéré;$THIRD$ wurde entlassen;;;;;;;;;;;
release_puppet_desc;주권이 타국에 종속된 [SUB_A7]Y국가[SUB_A7]W를 해방합니다.;Release a [SUB_A7]Ycountry[SUB_A7]W from its sovereign nation;Libérer un [SUB_A7]Ypays[SUB_A7]W de sa nation souveraine;Entlassen Sie ein [SUB_A7]YLand[SUB_A7]W von seinem Herrenland.;;;;;;;;;;;
release_puppet_setup;$RECIPIENT$에 종속된 $THIRD$을(를) 해방합니다.;Release $THIRD$ from $RECIPIENT$;Libérer $THIRD$ de $RECIPIENT$;Entlassen Sie $THIRD$ aus $RECIPIENT$;;;;;;;;;;;
release_puppet_AI;괴뢰국 해방;Release Puppet;Libérer un État fantoche;Marionettenstaat entlassen;;;;;;;;;;;
release_puppet_AI_short;$THIRD$ 해방;$THIRD$ is released;$THIRD$ est libéré;$THIRD$ wurde entlassen;;;;;;;;;;;
release_puppet_AI_desc;주권이 타국에 종속된 [SUB_A7]Y국가[SUB_A7]W를 해방합니다.;Release a [SUB_A7]Ycountry[SUB_A7]W from its sovereign nation;Libérer un [SUB_A7]Ypays[SUB_A7]W de sa nation souveraine;Entlassen Sie ein [SUB_A7]YLand[SUB_A7]W von seinem Herrenland.;;;;;;;;;;;
release_puppet_AI_setup;$RECIPIENT$에 종속된 $THIRD$을(를) 해방합니다.;Release $THIRD$ from $RECIPIENT$;Libérer $THIRD$ de $RECIPIENT$;Entlassen Sie $THIRD$ aus $RECIPIENT$;;;;;;;;;;;
cut_down_to_size;응징;Cut down to size;Réduire;Größe reduzieren;;;;;;;;;;;
cut_down_to_size_short;$RECIPIENT$ 응징;Cut $RECIPIENT$ down to size;Réduire $RECIPIENT$;Reduzieren Sie die Größe von $RECIPIENT$;;;;;;;;;;;
cut_down_to_size_desc;[SUB_A7]Y타국[SUB_A7]W에게 군비제한과 배상금 지불을 요구합니다.;Force another [SUB_A7]Ycountry[SUB_A7]W to disarm and pay reparations to us;Obliger un autre [SUB_A7]Ypays[SUB_A7]W à se désarmer et à nous verser des compensations;Zwischen Sie ein anderes [SUB_A7]YLand[SUB_A7]W zur Abrüstung und zu Reparationszahlungen an uns.;;;;;;;;;;;
cut_down_to_size_setup;$RECIPIENT$을(를) 응징합니다.;Cut $RECIPIENT$ down to size;Réduire $RECIPIENT$;Reduzieren Sie die Größe von $RECIPIENT$;;;;;;;;;;;
humiliate;모욕;Humiliate;Humilier;Erniedrigen;;;;;;;;;;;
humiliate_short;$RECIPIENT$ 모욕;Humiliate $RECIPIENT$;Humilier $RECIPIENT$;$RECIPIENT$ erniedrigen;;;;;;;;;;;
humiliate_desc;[SUB_A7]Y적국[SUB_A7]W에게 모욕을 줌으로써 군사력을 과시하고, 우리나라의 [SUB_A7]Y위신[SUB_A7]W을 높임과 동시에 그들의 위신을 낮춥니다.;;Show our military might by humiliating an enemy [SUB_A7]Ycountry[SUB_A7]W, thus increasing our [SUB_A7]Yprestige[SUB_A7]W while lowering theirs;Afficher notre puissance militaire en humiliant un [SUB_A7]Ypays[SUB_A7]W ennemi et en augmentant notre [SUB_A7]Yprestige[SUB_A7]W tout en réduisant le leur;Zeigen Sie unsere Militärmacht durch Erniedrigung eines feindlichen [SUB_A7]YLandes[SUB_A7]W, wodurch Sie unser [SUB_A7]YPrestige[SUB_A7]W steigern und ihres verringern.;;;;;;;;;;;
humiliate_setup;$RECIPIENT$을(를) 모욕합니다.;Humiliate $RECIPIENT$;Humilier $RECIPIENT$;$RECIPIENT$ erniedrigen;;;;;;;;;;;
place_in_the_sun;해가 뜨는 곳;Place in the sun;Une place au soleil;Ein Platz an der Sonne;;;;;;;;;;;
place_in_the_sun_short;$STATE$ 획득;Acquire $STATE$;Prendre $STATE$;$STATE$ erwerben;;;;;;;;;;;
place_in_the_sun_desc;적국에게서 [SUB_A7]Y식민주[SUB_A7]W를 획득합니다.;Aquire an enemy [SUB_A7]Ycolonial state[SUB_A7]W;Prendre un [SUB_A7]YÉtat colonial[SUB_A7]W ennemi;Erobern Sie einen feindlichen [SUB_A7]YKolonialstaat[SUB_A7]W.;;;;;;;;;;;
place_in_the_sun_setup;$RECIPIENT$에게서 $STATE$ 식민지를 획득합니다.;Acquire colony $STATE$ from $RECIPIENT$;Prendre colonie $STATE$ de $RECIPIENT$;Kolonie $STATE$ von $RECIPIENT$ erwerben;;;;;;;;;;;
acquire_state;주 할양;Acquire state;Prendre État;$STATE$ erwerben;;;;;;;;;;;
acquire_state_short;$STATE$ 획득;Acquire $STATE$;Prendre $STATE$;$STATE$ erwerben;;;;;;;;;;;
acquire_state_desc;적국에게서 [SUB_A7]Y주[SUB_A7]W를 획득합니다.;Aquire an enemy [SUB_A7]Ystate[SUB_A7]W;Prendre un [SUB_A7]YÉtat[SUB_A7]W ennemi;Erobern Sie einen feindlichen [SUB_A7]YStaat[SUB_A7]W.;;;;;;;;;;;
acquire_state_setup;$RECIPIENT$에게서 $STATE$을(를) 획득합니다.;Acquire $STATE$ from $RECIPIENT$;Prendre $STATE$ de $RECIPIENT$;$STATE$ von $RECIPIENT$ erwerben;;;;;;;;;;;
china_acquire_state;중국 통일;Chinese Reunification;Prendre État;$STATE$ erwerben;;;;;;;;;;;
china_acquire_state_short;$STATE$ 획득;Acquire $STATE$;Prendre $STATE$;$STATE$ erwerben;;;;;;;;;;;
china_acquire_state_desc;중국에 속하는 [SUB_A7]Y주[SUB_A7]W를 획득합니다.;Aquire a Chinese [SUB_A7]Ystate[SUB_A7]W;Prendre un [SUB_A7]YÉtat[SUB_A7]W ennemi;Erobern Sie einen feindlichen [SUB_A7]YStaat[SUB_A7]W.;;;;;;;;;;;
china_acquire_state_setup;$RECIPIENT$에게서 $STATE$을(를) 획득합니다.;Acquire $STATE$ from $RECIPIENT$;Prendre $STATE$ de $RECIPIENT$;$STATE$ von $RECIPIENT$ erwerben;;;;;;;;;;;
china_conquest;중국 통일;Chinese Reunification;Prendre État;$STATE$ erwerben;;;;;;;;;;;
china_conquest_short;$RECIPIENT$ 합병;Annex $RECIPIENT$;Prendre $STATE$;$STATE$ erwerben;;;;;;;;;;;
china_conquest_desc;중국 내 경쟁국을 합병합니다.;Annex a Chinese rival;Prendre un [SUB_A7]YÉtat[SUB_A7]W ennemi;Erobern Sie einen feindlichen [SUB_A7]YStaat[SUB_A7]W.;;;;;;;;;;;
china_conquest_setup;$RECIPIENT$을(를) 합병합니다.;Annex $RECIPIENT$;Prendre $STATE$ de $RECIPIENT$;$STATE$ von $RECIPIENT$ erwerben;;;;;;;;;;;
china_acquire_state_2;중국 통일;Chinese Reunification;Prendre État;$STATE$ erwerben;;;;;;;;;;;
china_acquire_state_2_short;$STATE$ 획득;Acquire $STATE$;Prendre $STATE$;$STATE$ erwerben;;;;;;;;;;;
china_acquire_state_2_desc;중국에 속하는 [SUB_A7]Y주[SUB_A7]W를 획득합니다.;Aquire a Chinese [SUB_A7]Ystate[SUB_A7]W;Prendre un [SUB_A7]YÉtat[SUB_A7]W ennemi;Erobern Sie einen feindlichen [SUB_A7]YStaat[SUB_A7]W.;;;;;;;;;;;
china_acquire_state_2_setup;$RECIPIENT$에게서 $STATE$을(를) 획득합니다.;Acquire $STATE$ from $RECIPIENT$;Prendre $STATE$ de $RECIPIENT$;$STATE$ von $RECIPIENT$ erwerben;;;;;;;;;;;
demand_concession_casus_belli;조차지 요구;Demand Concession;Demande de concession;Konzession verlangen;;;;;;;;;;;
demand_concession_casus_belli_short;$STATE$ 요구;Demand $STATE$;Demander $STATE$;Fordern Sie $STATE$;;;;;;;;;;;
demand_concession_casus_belli_desc;[SUB_A7]Y비문명국[SUB_A7]W에게 조차지를 편성할 영토의 할양을 요구합니다.;Force an [SUB_A7]Yuncivilized country[SUB_A7]W to secede territory to form a colonial concession.;Obligez un [SUB_A7]Ypays non civilisé[SUB_A7]W à faire sécession d'un territoire pour former une concession coloniale.;Zwingen Sie ein [SUB_A7]Yunzivilisiertes Land[SUB_A7]W, Gebiete zur Gründung einer Kolonialkonzession abzuspalten.;;;;;;;;;;;
demand_concession_casus_belli_setup;$RECIPIENT$에게 조차지를 편성할 영토의 할양을 요구합니다.;Demand that $RECIPIENT$ secede territory to form a colonial concession.;Demandez à ce que $RECIPIENT$ fasse sécession d'un territoire pour former une concession coloniale.;Verlangen Sie, dass $RECIPIENT$ Gebiete zur Gründung einer Kolonialkonzession abspaltet.;;;;;;;;;;;
demand_concession_NI_casus_belli;조차지 요구;Demand Concession;Demande de concession;Konzession verlangen;;;;;;;;;;;
demand_concession_NI_casus_belli_short;$STATE$ 요구;Demand $STATE$;Demander $STATE$;Fordern Sie $STATE$;;;;;;;;;;;
demand_concession_NI_casus_belli_desc;[SUB_A7]Y비문명국[SUB_A7]W에게 조차지를 편성할 영토의 할양을 요구합니다.;Force an [SUB_A7]Yuncivilized country[SUB_A7]W to secede territory to form a colonial concession.;Obligez un [SUB_A7]Ypays non civilisé[SUB_A7]W à faire sécession d'un territoire pour former une concession coloniale.;Zwingen Sie ein [SUB_A7]Yunzivilisiertes Land[SUB_A7]W, Gebiete zur Gründung einer Kolonialkonzession abzuspalten.;;;;;;;;;;;
demand_concession_NI_casus_belli_setup;$RECIPIENT$에게 조차지를 편성할 영토의 할양을 요구합니다.;Demand that $RECIPIENT$ secede territory to form a colonial concession.;Demandez à ce que $RECIPIENT$ fasse sécession d'un territoire pour former une concession coloniale.;Verlangen Sie, dass $RECIPIENT$ Gebiete zur Gründung einer Kolonialkonzession abspaltet.;;;;;;;;;;;
demand_concession_BC_casus_belli;조차지 요구;Demand Concession;Demande de concession;Konzession verlangen;;;;;;;;;;;
demand_concession_BC_casus_belli_short;$STATE$ 요구;Demand $STATE$;Demander $STATE$;Fordern Sie $STATE$;;;;;;;;;;;
demand_concession_BC_casus_belli_desc;[SUB_A7]Y비문명국[SUB_A7]W에게 조차지를 편성할 영토의 할양을 요구합니다.;Force an [SUB_A7]Yuncivilized country[SUB_A7]W to secede territory to form a colonial concession.;Obligez un [SUB_A7]Ypays non civilisé[SUB_A7]W à faire sécession d'un territoire pour former une concession coloniale.;Zwingen Sie ein [SUB_A7]Yunzivilisiertes Land[SUB_A7]W, Gebiete zur Gründung einer Kolonialkonzession abzuspalten.;;;;;;;;;;;
demand_concession_BC_casus_belli_setup;$RECIPIENT$에게 조차지를 편성할 영토의 할양을 요구합니다.;Demand that $RECIPIENT$ secede territory to form a colonial concession.;Demandez à ce que $RECIPIENT$ fasse sécession d'un territoire pour former une concession coloniale.;Verlangen Sie, dass $RECIPIENT$ Gebiete zur Gründung einer Kolonialkonzession abspaltet.;;;;;;;;;;;
rude_boy;봉쇄;Containment;Confinement;Beherrschung;;;;;;;;;;;
rude_boy_short;$RECIPIENT$ 봉쇄;Contain $RECIPIENT$;Contenir $RECIPIENT$;Halten Sie $RECIPIENT$ in Schach.;;;;;;;;;;;
rude_boy_desc;문명의 모든 가식을 벗어던진 [SUB_A7]Y타국[SUB_A7]W에게 그 야망을 크게 줄여달라고 요구합니다.;Force another [SUB_A7]Ycountry[SUB_A7]W, which has thrown off all pretenses of civilized conduct in the realm of international affairs, to vastly reduce its ambitions.;Obligez un autre [SUB_A7]Ypays[SUB_A7]W, qui s'est débarrassé de tout faux-semblant de conduite civilisée au royaume des affaires internationales, à limiter considérablement ses ambitions.;Zwingen Sie ein anderes [SUB_A7]YLand[SUB_A7]W, das bezüglich internationaler Beziehungen sämtliche Vortäuschungen zivilisierten Benehmens über Bord geworfen hat, seine Ambitionen drastisch zu reduzieren.;;;;;;;;;;;
rude_boy_setup;영토, 위신, 군사력 감소를 통해 $RECIPIENT$을(를) 봉쇄합니다.;Contain $RECIPIENT$ by reducing their territory, prestige and military.;Confinez $RECIPIENT$ en réduisant son territoire, son prestige et son armée.;Halten Sie $RECIPIENT$ in Schach, indem Sie ihr Territorium, Prestige und Militär reduzieren.;;;;;;;;;;;
conquest;정복;Conquest;Conquête;Annektieren;;;;;;;;;;;
conquest_short;$RECIPIENT$ 합병;Annex $RECIPIENT$;Annexer $RECIPIENT$;$RECIPIENT$ annektieren;;;;;;;;;;;
conquest_desc;하나의 주로 이루어진 [SUB_A7]Y국가[SUB_A7]W를 합병합니다.;Annex a single-state [SUB_A7]Ycountry[SUB_A7]W;Annexer un [SUB_A7]Ypays[SUB_A7]W à un seul État;Annektieren Sie ein Einzelstaat-[SUB_A7]YLand[SUB_A7]W;;;;;;;;;;;
conquest_setup;$RECIPIENT$을(를) 합병합니다.;Annex $RECIPIENT$;Annexer $RECIPIENT$;$RECIPIENT$ annektieren;;;;;;;;;;;
annex_africa;아프리카 분할;Scramble for Africa;;;;;;;;;;;;;
annex_africa_short;$RECIPIENT$ 할양 요구;Demand that $RECIPIENT$ secede territory according to rules set at the Conference of Great Powers;;;;;;;;;;;;;
annex_africa_desc;강대국 간의 회담에서 정한 규칙에 따라 [SUB_A7]Y비문명국[SUB_A7]W에게 주 할양을 요구합니다.;Force an [SUB_A7]Yuncivilized country[SUB_A7]W to secede territory according to rules set at the Conference of Great Powers;;;;;;;;;;;;;
annex_africa_setup;강대국 간의 회담에서 정한 규칙에 따라 $RECIPIENT$에게 주 할양을 요구합니다.;Demand that $RECIPIENT$ secede territory according to rules set at the Conference of Great Powers;;;;;;;;;;;;;
annex_africa_full;아프리카 분할 - 합병;Scramble for Africa - Annex;;;;;;;;;;;;;
annex_africa_full_short;$RECIPIENT$ 합병;Annex $RECIPIENT$;;;;;;;;;;;;;
annex_africa_full_desc;강대국 간의 회담에서 정한 규칙에 따라 [SUB_A7]Y비문명국[SUB_A7]W에게 보호령화를 요구합니다.;Force an [SUB_A7]Yuncivilized country[SUB_A7]W to become a protectorate according to rules set at the Conference of Great Powers;;;;;;;;;;;;;
annex_africa_full_setup;강대국 간의 회담에서 정한 규칙에 따라 $RECIPIENT$을(를) 합병합니다.;Annex $RECIPIENT$ according to rules set at the Conference of Great Powers;;;;;;;;;;;;;
establish_protectorate_casus_belli;보호령 설립;Establish Protectorate;Établir un protectorat;Protektorat gründen;;;;;;;;;;;
establish_protectorate_casus_belli_short;$RECIPIENT$ 합병;Annex $RECIPIENT$;Annexer $RECIPIENT$;Annektieren Sie $RECIPIENT$;;;;;;;;;;;
establish_protectorate_casus_belli_desc;[SUB_A7]Y비문명국[SUB_A7]W을 보호령으로 합병합니다.;Annex an [SUB_A7]Yuncivilized country[SUB_A7]W by forcing them to become a protectorate of ours.;Annexez un [SUB_A7]Ypays non civilisé[SUB_A7]W en l'obligeant à devenir l'un de nos protectorats.;Annektieren Sie ein [SUB_A7]Yunzivilisiertes Land[SUB_A7]W, indem Sie es zwingen, eines Ihrer Protektorate zu werden.;;;;;;;;;;;
establish_protectorate_casus_belli_setup;$RECIPIENT$을(를) 보호령으로 합병합니다.;Annex $RECIPIENT$ by establishing a protectorate over them.;Annexez $RECIPIENT$ en établissant un protectorat.;Annektieren Sie $RECIPIENT$ durch die Gründung eines Protektorats.;;;;;;;;;;;
establish_protectorate_NI_casus_belli;보호령 설립;Establish Protectorate;Établir un protectorat;Protektorat gründen;;;;;;;;;;;
establish_protectorate_NI_casus_belli_short;$RECIPIENT$ 합병;Annex $RECIPIENT$;Annexer $RECIPIENT$;Annektieren Sie $RECIPIENT$;;;;;;;;;;;
establish_protectorate_NI_casus_belli_desc;[SUB_A7]Y비문명국[SUB_A7]W을 보호령으로 합병합니다.;Annex an [SUB_A7]Yuncivilized country[SUB_A7]W by forcing them to become a protectorate of ours.;Annexez un [SUB_A7]Ypays non civilisé[SUB_A7]W en l'obligeant à devenir l'un de nos protectorats.;Annektieren Sie ein [SUB_A7]Yunzivilisiertes Land[SUB_A7]W, indem Sie es zwingen, eines Ihrer Protektorate zu werden.;;;;;;;;;;;
establish_protectorate_NI_casus_belli_setup;$RECIPIENT$을(를) 보호령으로 합병합니다.;Annex $RECIPIENT$ by establishing a protectorate over them.;Annexez $RECIPIENT$ en établissant un protectorat.;Annektieren Sie $RECIPIENT$ durch die Gründung eines Protektorats.;;;;;;;;;;;
establish_protectorate_BC_casus_belli;보호령 설립;Establish Protectorate;Établir un protectorat;Protektorat gründen;;;;;;;;;;;
establish_protectorate_BC_casus_belli_short;$RECIPIENT$ 합병;Annex $RECIPIENT$;Annexer $RECIPIENT$;Annektieren Sie $RECIPIENT$;;;;;;;;;;;
establish_protectorate_BC_casus_belli_desc;[SUB_A7]Y비문명국[SUB_A7]W을 보호령으로 합병합니다.;Annex an [SUB_A7]Yuncivilized country[SUB_A7]W by forcing them to become a protectorate of ours.;Annexez un [SUB_A7]Ypays non civilisé[SUB_A7]W en l'obligeant à devenir l'un de nos protectorats.;Annektieren Sie ein [SUB_A7]Yunzivilisiertes Land[SUB_A7]W, indem Sie es zwingen, eines Ihrer Protektorate zu werden.;;;;;;;;;;;
establish_protectorate_BC_casus_belli_setup;$RECIPIENT$을(를) 보호령으로 합병합니다.;Annex $RECIPIENT$ by establishing a protectorate over them.;Annexez $RECIPIENT$ en établissant un protectorat.;Annektieren Sie $RECIPIENT$ durch die Gründung eines Protektorats.;;;;;;;;;;;
status_quo;현상 유지;Status Quo;;;;;;;;;;;;;
status_quo_short;현상 유지;Status Quo;Statu quo;Status Quo;;;;;;;;;;;
status_quo_desc;한 진영이 [SUB_A7]Y전쟁목표[SUB_A7]W를 달성하는 것을 막으려 전쟁에 개입합니다.;Attempt to intervene in a war, neglecting any side to fulfill their [SUB_A7]Ywargoals[SUB_A7]W;Tenter de participer à une guerre en négligeant les différents camps pour atteindre les [SUB_A7]Yobjectifs de guerre[SUB_A7]W;Versuchen Sie, in einen Krieg zu intervenieren und beiden Seiten die Erreichung ihrer [SUB_A7]YKriegsziele[SUB_A7]W zu verwehren.;;;;;;;;;;;
status_quo_setup;요구사항은 그냥 내버려두는 것입니다.;All we ask is to be left alone;Nous demandons juste à ce qu'on nous laisse tranquilles.;Wir wollen nur in Ruhe gelassen werden.;;;;;;;;;;;
great_war_install_democracy;민주정부 수립;Install Democracy;Installez la démocratie;Verursachen Sie Demokratie;;;;;;;;;;;
great_war_install_democracy_short;$RECIPIENT$에 우호적인 민주정부 수립;Install a friendly democracy in $RECIPIENT$;Install a friendly democracy in $RECIPIENT$;Install a friendly democracy in $RECIPIENT$;;;;;;;;;;;
great_war_install_democracy_desc;적국의 수도에 [SUB_A7]Y우호적인 민주정부[SUB_A7]W를 수립합니다.;Install a [SUB_A7]Yfriendly democracy[SUB_A7]W in the country's capital;Install a [SUB_A7]Yfriendly democracy[SUB_A7]W in the target country's capital;Install a [SUB_A7]Yfriendly democracy[SUB_A7]W in the target country's capital;;;;;;;;;;;
great_war_install_democracy_setup;$RECIPIENT$에 우호적인 민주정부를 수립합니다.;Install a friendly democracy in $RECIPIENT$;Install a friendly democracy in $RECIPIENT$;Install a friendly democracy in $RECIPIENT$;;;;;;;;;;;
great_war_install_fascism;Install Fascism;Installez le fascisme;Bringen Sie Faschismus an;;;;;;;;;;;
great_war_install_fascism_short;$RECIPIENT$에 우호적인 파쇼정부 수립;Install a fascist government in $RECIPIENT$;Install a fascist government in $RECIPIENT$;Install a fascist government in $RECIPIENT$;;;;;;;;;;;
great_war_install_fascism_desc;적국의 수도에 [SUB_A7]Y우호적인 파쇼정부[SUB_A7]W를 수립합니다.;Install a [SUB_A7]Yfriendly fascist government[SUB_A7]W in the country's capital;Install a [SUB_A7]Yfriendly fascist government[SUB_A7]W in the country's capital;Install a [SUB_A7]Yfriendly fascist government[SUB_A7]W in the country's capital;;;;;;;;;;;
great_war_install_fascism_setup;$RECIPIENT$에 우호적인 파쇼정부를 수립합니다.;Install a fascist government in $RECIPIENT$;Install a fascist government in $RECIPIENT$;Install a fascist government in $RECIPIENT$;;;;;;;;;;;
great_war_install_communism;Install Communism;Installez le communisme;Bringen Sie Kommunismus an;;;;;;;;;;;
great_war_install_communism_short;$RECIPIENT$에 우호적인 공산정부 수립;Install a communist government in $RECIPIENT$;Install a communist government in $RECIPIENT$;Install a communist government in $RECIPIENT$;;;;;;;;;;;
great_war_install_communism_desc;적국의 수도에 [SUB_A7]Y우호적인 공산정부[SUB_A7]W를 수립합니다.;Install a [SUB_A7]Yfriendly communist government[SUB_A7]W in the country's capital;Install a [SUB_A7]Yfriendly communist government[SUB_A7]W in the country's capital;Install a [SUB_A7]Yfriendly communist government[SUB_A7]W in the country's capital;;;;;;;;;;;
great_war_install_communism_setup;$RECIPIENT$에 우호적인 공산정부를 수립합니다.;Install a communist government in $RECIPIENT$;Install a communist government in $RECIPIENT$;Install a communist government in $RECIPIENT$;;;;;;;;;;;
install_democracy;민주정부 수립;Install Democracy;Installez la démocratie;Verursachen Sie Demokratie;;;;;;;;;;;
install_democracy_short;$RECIPIENT$에 우호적인 민주정부 수립;Install a friendly democracy in $RECIPIENT$;Install a friendly democracy in $RECIPIENT$;Install a friendly democracy in $RECIPIENT$;;;;;;;;;;;
install_democracy_desc;적국의 수도에 [SUB_A7]Y우호적인 민주정부[SUB_A7]W를 수립합니다.;Install a [SUB_A7]Yfriendly democracy[SUB_A7]W in the country's capital;Install a [SUB_A7]Yfriendly democracy[SUB_A7]W in the target country's capital;Install a [SUB_A7]Yfriendly democracy[SUB_A7]W in the target country's capital;;;;;;;;;;;
install_democracy_setup;$RECIPIENT$에 우호적인 민주정부를 수립합니다.;Install a friendly democracy in $RECIPIENT$;Install a friendly democracy in $RECIPIENT$;Install a friendly democracy in $RECIPIENT$;;;;;;;;;;;
install_fascism;파쇼정부 수립;Install Fascism;Installez le fascisme;Bringen Sie Faschismus an;;;;;;;;;;;
install_fascism_short;$RECIPIENT$에 우호적인 파쇼정부 수립;Install a fascist government in $RECIPIENT$;Install a fascist government in $RECIPIENT$;Install a fascist government in $RECIPIENT$;;;;;;;;;;;
install_fascism_desc;적국의 수도에 [SUB_A7]Y우호적인 파쇼정부[SUB_A7]W를 수립합니다.;Install a [SUB_A7]Yfriendly fascist government[SUB_A7]W in the country's capital;Install a [SUB_A7]Yfriendly fascist government[SUB_A7]W in the country's capital;Install a [SUB_A7]Yfriendly fascist government[SUB_A7]W in the country's capital;;;;;;;;;;;
install_fascism_setup;$RECIPIENT$에 우호적인 파쇼정부를 수립합니다.;Install a fascist government in $RECIPIENT$;Install a fascist government in $RECIPIENT$;Install a fascist government in $RECIPIENT$;;;;;;;;;;;
install_communism;공산정부 수립;Install Communism;Installez le communisme;Bringen Sie Kommunismus an;;;;;;;;;;;
install_communism_short;$RECIPIENT$에 우호적인 공산정부 수립;Install a communist government in $RECIPIENT$;Install a communist government in $RECIPIENT$;Install a communist government in $RECIPIENT$;;;;;;;;;;;
install_communism_desc;적국의 수도에 [SUB_A7]Y우호적인 공산정부[SUB_A7]W를 수립합니다.;Install a [SUB_A7]Yfriendly communist government[SUB_A7]W in the country's capital;Install a [SUB_A7]Yfriendly communist government[SUB_A7]W in the country's capital;Install a [SUB_A7]Yfriendly communist government[SUB_A7]W in the country's capital;;;;;;;;;;;
install_communism_setup;$RECIPIENT$에 우호적인 공산정부를 수립합니다.;Install a communist government in $RECIPIENT$;Install a communist government in $RECIPIENT$;Install a communist government in $RECIPIENT$;;;;;;;;;;;
call_allies_cb;동맹 소집;Call Allies;;;;;;;;;;;;;
call_allies_cb_short;동맹 소집;Call Allies;;;;;;;;;;;;;
call_allies_cb_desc;동맹국들을 소집합니다.;Call Allies;;;;;;;;;;;;;
call_allies_cb_setup;동맹국들을 소집합니다.;Call Allies;;;;;;;;;;;;;
acquire_any_state;주 할양;Acquire State;Prendre territoire clé;Kernprovinz erwerben;;;;;;;;;;;
acquire_any_state_short;$RECIPIENT$ 획득;Acquire $STATE$;Prendre $STATE$;$STATE$ erwerben;;;;;;;;;;;
acquire_any_state_desc;적국에게서 [SUB_A7]Y주[SUB_A7]W를 획득합니다.;Aquire an enemy [SUB_A7]Ystate[SUB_A7]W;Prendre un [SUB_A7]YÉtat[SUB_A7]W ennemi où nous avons des [SUB_A7]Yprovinces principales[SUB_A7]W;Erobern Sie einen feindlichen [SUB_A7]YStaat[SUB_A7]W, in dem wir [SUB_A7]YKernprovinzen[SUB_A7]W haben.;;;;;;;;;;;
acquire_any_state_setup;$RECIPIENT$에게서 $STATE$을(를) 획득합니다.;Acquire $STATE$ from $RECIPIENT$;Prendre État clé $STATE$ de $RECIPIENT$;Kern-$STATE$ von $RECIPIENT$ erwerben;;;;;;;;;;;
conquest_any;정복;Conquest;;;;;;;;;;;;;
conquest_any_short;$RECIPIENT$ 합병;Annex $RECIPIENT$;;;;;;;;;;;;;
conquest_any_desc;[SUB_A7]Y적국[SUB_A7]W을 합병합니다.;Conquer an [SUB_A7]Yenemy country[SUB_A7]W;;;;;;;;;;;;;
conquest_any_setup;$RECIPIENT$을(를) 합병합니다.;Annex $RECIPIENT$;;;;;;;;;;;;;
hre_unification;제국의 권위;Imperial Authority;;;;;;;;;;;;;
hre_unification_short;$RECIPIENT$에게서 제국령 해방;Liberate the Imperial lands from $RECIPIENT$;;;;;;;;;;;;;
hre_unification_desc;적들을 물리치고 우리의 권한 아래 신성 로마 제국를 통합해야 합니다!;We have to beat our ennemies and unify the HRE under our authority !;;;;;;;;;;;;;
hre_unification_setup;$RECIPIENT$에게서 제국령을 해방합니다.;Liberate the Imperial lands from $RECIPIENT$;;;;;;;;;;;;;
hre_unification2;제국의 권위;Imperial Authority;;;;;;;;;;;;;
hre_unification2_short;$RECIPIENT$에게서 제국령 해방;Liberate the Imperial lands from $RECIPIENT$;;;;;;;;;;;;;
hre_unification2_desc;적들을 물리치고 우리의 권한 아래 신성 로마 제국를 통합해야 합니다!;We have to beat our ennemies and unify the HRE under our authority !;;;;;;;;;;;;;
hre_unification2_setup;$RECIPIENT$에게서 제국령을 해방합니다.;Liberate the Imperial lands from $RECIPIENT$;;;;;;;;;;;;;
annex_india_AI;인도 분할 - 주 요구;Scramble for India - Demand State;;;;;;;;;;;;x
annex_india_AI_desc;강대국간의 회담에서 정한 규칙에 따라 [SUB_A7]Y비문명국[SUB_A7]W에게 주 할양을 요구합니다.;Force an [SUB_A7]Yuncivilized country[SUB_A7]W to secede territory according to rules set at the Conference of Great Powers;;;;;;;;;;;;x
annex_india_AI_setup;강대국 간의 회담에서 정한 규칙에 따라 $RECIPIENT$에게 주 할양을 요구합니다.;Demand that $RECIPIENT$ secede territory according to rules set at the Conference of Great Powers;;;;;;;;;;;;x
annex_india_AI_short;$STATE$ 요구;Demand $STATE$;;;;;;;;;;;;x
annex_india_full_AI;인도 분할 - 합병;Scramble for India - Annex;;;;;;;;;;;;x
annex_india_full_AI_desc;강대국 간의 회담에서 정한 규칙에 따라 [SUB_A7]Y비문명국[SUB_A7]W에게 보호령화를 요구합니다.;Force an [SUB_A7]Yuncivilized country[SUB_A7]W to become a protectorate according to rules set at the Conference of Great Powers;;;;;;;;;;;;x
annex_india_full_AI_setup;강대국 간의 회담에서 정한 규칙에 따라 $RECIPIENT$을(를) 합병합니다.;Annex $RECIPIENT$ according to rules set at the Conference of Great Powers;;;;;;;;;;;;x
annex_india_full_AI_short;$RECIPIENT$ 합병;Annex $RECIPIENT$;;;;;;;;;;;;x
AGRESSION_WAR_DISMANTLE_NAME;$ORDER$$FIRST_COUNTRY$의 침략전쟁;$ORDER$ War of $FIRST$ Aggression;$ORDER$ Offensive Militaire $FIRST$;$ORDER$ $FIRST$ Angriffskrieg;Wojna $ORDER$$FIRST$-$SECOND$;Guerra $ORDER$$FIRST$-$SECOND$;$ORDER$ Guerra $FIRST$-$SECOND$;$ORDER$$FIRST$-$SECOND$ háború;$ORDER$$FIRST$-$SECOND$ válka;;;;;;
NORMAL_WAR_DISMANTLE_NAME;$ORDER$$SECOND_COUNTRY$ 식민제국 해체 전쟁;$ORDER$$FIRST$ War to Dismantle the $SECOND$ Empire;Grande Guerre $ORDER$$FIRST$-$SECOND$;$ORDER$$FIRST$-$SECOND$ Größer Krieg;Baza;Base:;Base:;Alap:;Základna:;;;;;;
AGRESSION_WAR_NAME;$ORDER$$FIRST_COUNTRY$의 침략전쟁;$ORDER$War of $FIRST$ Aggression;$ORDER$ Offensive Militaire $FIRST$;$ORDER$ $FIRST$ Angriffskrieg;Wojna $ORDER$$FIRST$-$SECOND$;Guerra $ORDER$$FIRST$-$SECOND$;$ORDER$ Guerra $FIRST$-$SECOND$;$ORDER$$FIRST$-$SECOND$ háború;$ORDER$$FIRST$-$SECOND$ válka;;;;;;
NORMAL_WAR_NAME;$ORDER$$FIRST_COUNTRY$-$SECOND_COUNTRY$ 전쟁;$ORDER$$FIRST$-$SECOND$ War;Guerre $ORDER$$FIRST$-$SECOND$;$ORDER$$FIRST$-$SECOND$ Krieg;Baza;Base:;Base:;Alap:;Základna:;;;;;;
NORMAL_WAR_NAME_ENG_USA;$ORDER$$FIRST_COUNTRY$-$SECOND_COUNTRY$ 전쟁;$ORDER$$FIRST$-$SECOND$ War;;;;;;;;;;;;;
AGRESSION_WAR_TAKE_CORE_NAME;$ORDER$$STATE$ 침략전쟁;$ORDER$$FIRST$ Aggression for $STATE$;$ORDER$$FIRST$ aggression pour $STATE$;$ORDER$$FIRST$ Aggression um $STATE$;;;;;;;;;;;
NORMAL_WAR_TAKE_CORE_NAME;$ORDER$$STATE$ 해방전쟁;$ORDER$$FIRST$ Liberation of $STATE$;$ORDER$$FIRST$ libération de $STATE$;$ORDER$$FIRST$ Befreiung von $STATE$;;;;;;;;;;;
NORMAL_WAR_TAKE_CORE_NAME_SHW_GON;판관시대;Zemene Mesafint;;;;;;;;;;;;;
NORMAL_WAR_TAKE_CORE_NAME_SHW_TIG;판관시대;Zemene Mesafint;;;;;;;;;;;;;
NORMAL_WAR_TAKE_CORE_NAME_GON_SHW;판관시대;Zemene Mesafint;;;;;;;;;;;;;
NORMAL_WAR_TAKE_CORE_NAME_GON_TIG;판관시대;Zemene Mesafint;;;;;;;;;;;;;
NORMAL_WAR_TAKE_CORE_NAME_TIG_SHW;판관시대;Zemene Mesafint;;;;;;;;;;;;;
NORMAL_WAR_TAKE_CORE_NAME_TIG_GON;판관시대;Zemene Mesafint;;;;;;;;;;;;;
NORMAL_WAR_TAKE_CORE_NAME_ENG_USA;$ORDER$$FIRST$ Liberation of $STATE$;;;;;;;;;;;;;
AGRESSION_WAR_ALL_CORES_NAME;$ORDER$$STATE$ 해방전쟁;$ORDER$War of $FIRST$ Liberation;;;;;;;;;;;;;
AGRESSION_WAR_ALL_CORES_NAME_USA_MEX;$ORDER$미국-멕시코 전쟁;$ORDER$Mexican-American War;;;;;;;;;;;;;
NORMAL_WAR_ALL_CORES_NAME;$ORDER$$FIRST_COUNTRY$ 해방전쟁;$ORDER$War of $FIRST$ Liberation;;;;;;;;;;;;;
NORMAL_WAR_ALL_CORES_NAME_USA_MEX;$ORDER$미국-멕시코 전쟁;$ORDER$Mexican-American War;;;;;;;;;;;;;
AGRESSION_WAR_UNIFICATION_NAME;$ORDER$$STATE$ 해방전쟁;$ORDER$ $FIRST$ Liberation of $STATE$;$ORDER$$FIRST$ libération de $STATE$;$ORDER$$FIRST$ Befreiung von $STATE$;;;;;;;;;;;
NORMAL_WAR_UNIFICATION_NAME;$ORDER$$STATE$ 해방전쟁;$ORDER$ $FIRST$ Liberation of $STATE$;$ORDER$$FIRST$ libération de $STATE$;$ORDER$$FIRST$ Befreiung von $STATE$;;;;;;;;;;;
AGRESSION_CIVIL_WAR_NAME;$ORDER$$FIRST_COUNTRY$ 내전;$ORDER$$FIRST$ Civil War;$ORDER$ guerre civile $FIRST$;$ORDER$$FIRST$ Bürgerkrieg;;;;;;;;;;;
AGRESSION_CIVIL_WAR_NAME_QNG_TPG;$ORDER$태평천국의 난;$ORDER$Taiping Rebellion;;;;;;;;;;;;;
NORMAL_CIVIL_WAR_NAME;$ORDER$$FIRST_COUNTRY$ 내전;$ORDER$$FIRST$ Civil War;$ORDER$ guerre civile $FIRST$;$ORDER$$FIRST$ Bürgerkrieg;;;;;;;;;;;
NORMAL_CIVIL_WAR_NAME_TKG_SAT;$ORDER$무진 전쟁;$ORDER$Boshin War;;;;;;;;;;;;;
NORMAL_CIVIL_WAR_NAME_TKG_CHO;$ORDER$무진 전쟁;$ORDER$Boshin War;;;;;;;;;;;;;
NORMAL_CIVIL_WAR_NAME_TKG_TOS;$ORDER$무진 전쟁;$ORDER$Boshin War;;;;;;;;;;;;;
NORMAL_CIVIL_WAR_NAME_TKG_KAG;$ORDER$무진 전쟁;$ORDER$Boshin War;;;;;;;;;;;;;
NORMAL_CIVIL_WAR_NAME_TKG_SEN;$ORDER$무진 전쟁;$ORDER$Boshin War;;;;;;;;;;;;;
NORMAL_CIVIL_WAR_NAME_TKG_YZW;$ORDER$무진 전쟁;$ORDER$Boshin War;;;;;;;;;;;;;
NORMAL_CIVIL_WAR_NAME_USA_FSA;$ORDER$미국 내전;$ORDER$American Civil War;$ORDER$ guerre de rébellion;$ORDER$Rebellionskrieg;;;;;;;;;;;
NORMAL_CIVIL_WAR_NAME_NEJ_HAL;$ORDER$아라비아 지배권 쟁탈전쟁;$ORDER$War of Arabian Domination;;;;;;;;;;;;;
NORMAL_CIVIL_WAR_NAME_HAL_NEJ;$ORDER$아라비아 지배권 쟁탈전쟁;$ORDER$War of Arabian Domination;;;;;;;;;;;;;
NORMAL_CIVIL_WAR_NAME_QNG_TPG;$ORDER$태평천국의 난;$ORDER$Taiping Rebellion;;;;;;;;;;;;;
AGRESSION_WAR_UNIFICATION_ANNEX_NAME;$ORDER$$SECOND_COUNTRY$ 해방전쟁;$ORDER$ $FIRST$ Liberation of $SECOND_COUNTRY$;$ORDER$ $FIRST$ libération de $SECOND_COUNTRY$;$ORDER$ $FIRST$ Befreiung von $SECOND_COUNTRY$;;;;;;;;;;;
NORMAL_WAR_UNIFICATION_ANNEX_NAME;$ORDER$$SECOND_COUNTRY$ 해방전쟁;$ORDER$ $FIRST$ Liberation of $SECOND_COUNTRY$;$ORDER$ $FIRST$ libération de $SECOND_COUNTRY$;$ORDER$ $FIRST$ Befreiung von $SECOND_COUNTRY$;;;;;;;;;;;
AGRESSION_WAR_RESTORE_ORDER_NAME;$ORDER$$SECOND$ 질서 회복 전쟁;$ORDER$$FIRST$ Restoration of Order to the $SECOND$ provinces;$ORDER$$FIRST$ rétablissement de l'ordre dans les provinces de $SECOND$;$ORDER$$FIRST$ Wiederherstellung der Ordnung in den $SECOND$ Provinzen;;;;;;;;;;;
AGRESSION_WAR_RESTORE_ORDER_NAME_ARG_ENT;$ORDER$라플라타 전쟁;$ORDER$ Platine War;;;;;;;;;;;;;
NORMAL_WAR_RESTORE_ORDER_NAME;$ORDER$$SECOND$ 질서 회복 전쟁;$ORDER$$FIRST$ Restoration of Order to the $SECOND$ provinces;$ORDER$$FIRST$ rétablissement de l'ordre dans les provinces de $SECOND$;$ORDER$$FIRST$ Wiederherstellung der Ordnung in den $SECOND$ Provinzen;;;;;;;;;;;
NORMAL_WAR_RESTORE_ORDER_NAME_ENG_TRN;$ORDER$보어 전쟁;$ORDER$Boer War;;;;;;;;;;;;;
NORMAL_WAR_RESTORE_ORDER_NAME_ENG_ORA;$ORDER$보어 전쟁;$ORDER$Boer War;;;;;;;;;;;;;
NORMAL_WAR_RESTORE_ORDER_NAME_ENG_NAL;$ORDER$보어 전쟁;$ORDER$Boer War;;;;;;;;;;;;;
NORMAL_WAR_RESTORE_ORDER_NAME_SHW_GON;판관시대;Zemene Mesafint;;;;;;;;;;;;;
NORMAL_WAR_RESTORE_ORDER_NAME_SHW_TIG;판관시대;Zemene Mesafint;;;;;;;;;;;;;
NORMAL_WAR_RESTORE_ORDER_NAME_GON_SHW;판관시대;Zemene Mesafint;;;;;;;;;;;;;
NORMAL_WAR_RESTORE_ORDER_NAME_GON_TIG;판관시대;Zemene Mesafint;;;;;;;;;;;;;
NORMAL_WAR_RESTORE_ORDER_NAME_TIG_SHW;판관시대;Zemene Mesafint;;;;;;;;;;;;;
NORMAL_WAR_RESTORE_ORDER_NAME_TIG_GON;판관시대;Zemene Mesafint;;;;;;;;;;;;;
NORMAL_WAR_RESTORE_ORDER_NAME_ARG_ENT;$ORDER$라플라타 전쟁;$ORDER$ Platine War;;;;;;;;;;;;;
AGRESSION_WAR_ADD_SPHERE_NAME;$ORDER$$SECOND_COUNTRY$ 예속화 전쟁;$ORDER$War of $SECOND$ Subjugation;$ORDER$ guerre de la subjugation $SECOND$;$ORDER$Krieg der $SECOND$ Unterjochung;;;;;;;;;;;
NORMAL_WAR_ADD_SPHERE_NAME;$ORDER$$SECOND_COUNTRY$ 영향권 편입 전쟁;$ORDER$War of $SECOND$ Submission;$ORDER$ guerre de la soumission $SECOND$;$ORDER$Krieg der $SECOND$ Unterwerfung;;;;;;;;;;;
AGRESSION_UNIFICATION_HUMILIATE_NAME;$FIRST_COUNTRY$-$SECOND_COUNTRY$ 형제전쟁;The $FIRST$-$SECOND$ Brother's War;$FIRST$-$SECOND$ guerre fraternelle ;Der $FIRST$-$SECOND$ Bruderkrieg;;;;;;;;;;;
NORMAL_UNIFICATION_HUMILIATE_NAME;$FIRST_COUNTRY$-$SECOND_COUNTRY$ 형제전쟁;The $FIRST$-$SECOND$ Brother's War;$FIRST$-$SECOND$ guerre fraternelle ;Der $FIRST$-$SECOND$ Bruderkrieg;;;;;;;;;;;
AGRESSION_WAR_TAKE_SPHERE_NAME;$ORDER$$COUNTRY$ 영향권 다툼;$ORDER$$FIRST$-$SECOND$ War over $COUNTRY$;$ORDER$ guerre $FIRST$-$SECOND$ pour $COUNTRY$;$ORDER$$FIRST$-$SECOND$ Krieg um $COUNTRY$;;;;;;;;;;;
NORMAL_WAR_TAKE_SPHERE_NAME;$ORDER$$COUNTRY$ 전쟁;$ORDER$$COUNTRY$ War;$ORDER$ guerre de $COUNTRY$;$ORDER$$COUNTRY$ Krieg;;;;;;;;;;;
AGRESSION_WAR_FREE_NAME;$ORDER$$COUNTRY$ 지원 전쟁;$ORDER$$FIRST$ War of Propping up $COUNTRY$;$ORDER$$FIRST$ guerre de soutien de $COUNTRY$;$ORDER$$FIRST$ Krieg zur Absicherung von $COUNTRY$;;;;;;;;;;;
NORMAL_WAR_FREE_NAME;$ORDER$$COUNTRY$ 해방전쟁;$ORDER$$FIRST$ War of $COUNTRY_ADJ$ Freedom;$ORDER$$FIRST$ guerre de la liberté $COUNTRY_ADJ$;$ORDER$$FIRST$ $COUNTRY_ADJ$ Freiheitskrieg;;;;;;;;;;;
AGRESSION_WAR_FREE_ALLIED_CORE_NAME;$ORDER$$COUNTRY$ 고토 수복 전쟁;$ORDER$$FIRST$ War of $COUNTRY_ADJ$ Restoration;;;;;;;;;;;;;
NORMAL_WAR_FREE_ALLIED_CORE_NAME;$ORDER$$COUNTRY$ 고토 수복 전쟁;$ORDER$$FIRST$ War of $COUNTRY_ADJ$ Restoration;;;;;;;;;;;;;
AGRESSION_CUT_DOWN_TO_SIZE_WAR_NAME;$ORDER$$FIRST_COUNTRY$ 침략전쟁;$ORDER$War of $FIRST$ Aggression;$ORDER$$FIRST$ guerre d'aggression;$ORDER$$FIRST$er Angriffskrieg;Wojna $ORDER$$FIRST$-$SECOND$;$ORDER$Guerra de $FIRST$ agresión;$ORDER$ Guerra $FIRST$-$SECOND$;$ORDER$$FIRST$-$SECOND$ háború;$ORDER$$FIRST$-$SECOND$ válka;;;;;;
AGRESSION_CUT_DOWN_TO_SIZE_WAR_NAME_RUS_TUR;$ORDER$크림 전쟁;$ORDER$Crimean War;;;;;;;;;;;;;
NORMAL_CUT_DOWN_TO_SIZE_WAR_NAME;$ORDER$$FIRST_COUNTRY$-$SECOND_COUNTRY$ 전쟁;$ORDER$$FIRST$-$SECOND$ War;Guerre $ORDER$$FIRST$-$SECOND$;$ORDER$$FIRST$-$SECOND$er Krieg;Baza;Guerra $ORDER$$FIRST$-$SECOND$;Base:;Alap:;Základna:;;;;;;
NORMAL_CUT_DOWN_TO_SIZE_WAR_NAME_RUS_TUR;$ORDER$크림 전쟁;$ORDER$Crimean War;;;;;;;;;;;;;
AGRESSION_WAR_HUMILIATE_NAME;$ORDER$$SECOND_COUNTRY$ 모욕 전쟁;$ORDER$$FIRST$ War to Humiliate $SECOND$;$ORDER$ guerre pour l'honneur $FIRST$-$SECOND$;$ORDER$$FIRST$-$SECOND$ Krieg der Ehre;;;;;;;;;;;
AGRESSION_WAR_COLONIAL_NAME;$ORDER$$STATE$ 식민화 전쟁;$ORDER$$FIRST$ Colonial War for $STATE$;$ORDER$$FIRST$ guerre coloniale pour $STATE$;$ORDER$$FIRST$ Kolonialkrieg um $STATE$;;;;;;;;;;;
NORMAL_WAR_COLONIAL_NAME;$ORDER$$STATE$ 식민지 정복전쟁;$ORDER$$FIRST$ Colonial Conquest of $STATE$;$ORDER$$FIRST$ conquête coloniale de $STATE$;$ORDER$$FIRST$ Kolonialeroberung von $STATE$;;;;;;;;;;;
AGRESSION_WAR_TAKE_NAME;$ORDER$$STATE$ 전쟁;$ORDER$$FIRST$ War of $STATE$;$ORDER$$FIRST$ guerre de $STATE$;$ORDER$$FIRST$ Krieg von $STATE$;;;;;;;;;;;
NORMAL_WAR_TAKE_NAME;$ORDER$$STATE$ 전쟁;$ORDER$$FIRST$ Conquest of $STATE$;$ORDER$$FIRST$ conquête de $STATE$;$ORDER$$FIRST$ Eroberung von $STATE$;;;;;;;;;;;
NORMAL_WAR_TAKE_NAME_ENG_QNG;$ORDER$아편 전쟁;$ORDER$Opium War;;;;;;;;;;;;;
NORMAL_WAR_TAKE_NAME_ENG_USA;$ORDER$$STATE$ 전쟁;$ORDER$$FIRST$ Conquest of $STATE$;;;;;;;;;;;;;
AGRESSION_WAR_CHINA_REUNIFICATION;$ORDER$$FIRST_COUNTRY$-$SECOND_COUNTRY$ 중국 통일전쟁;$ORDER$$FIRST$-$SECOND$ War of Chinese Reunification;Guerre $ORDER$$FIRST$-$SECOND$;$ORDER$$FIRST$-$SECOND$ Krieg;Baza;Base:;Base:;Alap:;Základna:;;;;;;
NORMAL_WAR_CHINA_REUNIFICATION;$ORDER$$FIRST_COUNTRY$-$SECOND_COUNTRY$ 중국 통일전쟁;$ORDER$$FIRST$-$SECOND$ War of Chinese Reunification;Guerre $ORDER$$FIRST$-$SECOND$;$ORDER$$FIRST$-$SECOND$ Krieg;Baza;Base:;Base:;Alap:;Základna:;;;;;;
AGRESSION_WAR_CONCESSION_NAME;$ORDER$$STATE$ 전쟁;$ORDER$ War of The $STATE$ Concession;$ORDER$ Guerre de concession de $STATE$;$ORDER$ Krieg der $STATE$-Konzession;;;;;;;;;;;
NORMAL_WAR_CONCESSION_NAME;$ORDER$$STATE$ 전쟁;$ORDER$ War of The $STATE$ Concession;$ORDER$ Guerre de concession de $STATE$;$ORDER$ Krieg der $STATE$-Konzession;;;;;;;;;;;
AGRESSION_WAR_RUDEBOI_NAME;$ORDER$$SECOND_COUNTRY$ 봉쇄전쟁;$ORDER$$FIRST$ War of $SECOND$ Containment;$ORDER$$FIRST$ guerre de confinement $SECOND$;$ORDER$$FIRST$ Krieg der $SECOND$ Beherrschung;;;;;;;;;;;
NORMAL_WAR_RUDEBOI_NAME;$ORDER$$SECOND_COUNTRY$ 봉쇄전쟁;$ORDER$$FIRST$ War of $SECOND$ Containment;$ORDER$$FIRST$ guerre de confinement $SECOND$;$ORDER$$FIRST$ Krieg der $SECOND$ Beherrschung;;;;;;;;;;;
AGRESSION_WAR_CONQUEST_NAME;$ORDER$ $FIRST_COUNTRY$의 침략전쟁;$ORDER$War of $FIRST$ Aggression against $SECOND_COUNTRY$;$ORDER$ guerre de l'aggression $FIRST$ sur $SECOND$;$ORDER$Krieg der $FIRST$ Aggression gegen $SECOND$;;;;;;;;;;;
NORMAL_WAR_CONQUEST_NAME;$ORDER$$SECOND_COUNTRY$ 전쟁;$ORDER$Conquest of $SECOND$ War;$ORDER$ conquête de la guerre $SECOND$;$ORDER$Eroberung des $SECOND$ Krieges;;;;;;;;;;;
AGRESSION_WAR_PROTECTORATE_NAME;$ORDER$$SECOND_COUNTRY$ 전쟁;$ORDER$ Acquisition of $FIRST$ $SECOND_COUNTRY$;$ORDER$ $FIRST$ acquisition de $SECOND_COUNTRY$;$ORDER$ Übernahme von $FIRST$ $SECOND_COUNTRY$;;;;;;;;;;;
NORMAL_WAR_PROTECTORATE_NAME;$ORDER$$SECOND_COUNTRY$ 전쟁;$ORDER$ Acquisition of $FIRST$ $SECOND_COUNTRY$;$ORDER$ $FIRST$ acquisition de $SECOND_COUNTRY$;$ORDER$ Übernahme von $FIRST$ $SECOND_COUNTRY$;;;;;;;;;;;
AGRESSION_WAR_PUPPET_NAME;$ORDER$$SECOND_COUNTRY$ 괴뢰화 전쟁;$ORDER$War of $FIRST$ Control Over $SECOND_COUNTRY$;$ORDER$ guerre de $FIRST$ pour le contrôle de $SECOND_COUNTRY$;$ORDER$ Krieg um die Kontrolle von $FIRST$ über $SECOND_COUNTRY$;;;;;;;;;;;
AGRESSION_WAR_PUPPET_NAME_TUR_ROM;$ORDER$루마니아 독립전쟁;$ORDER$Romanian War of Independence;;;;;;;;;;;;;
AGRESSION_WAR_PUPPET_NAME_ENG_IRE;$ORDER$아일랜드 독립전쟁;$ORDER$Irish War of Independence;;;;;;;;;;;;;
NORMAL_WAR_PUPPET_NAME_TUR_EGY;$ORDER$동방 위기;$ORDER$Oriental Crisis;;;;;;;;;;;;;
NORMAL_WAR_PUPPET_NAME_TUR_ROM;$ORDER$두마니아 독립전쟁;$ORDER$Romanian War of Independence;;;;;;;;;;;;;
NORMAL_WAR_PUPPET_NAME_ENG_IRE;$ORDER$아일랜드 독립전쟁;$ORDER$Irish War of Independence;;;;;;;;;;;;;
